Proverbs,Explanation
من أكل التمني خري التنهد,يضرب هذا المثل لمن يُمَنِّي نفسه بالأمنيات فقط ، و لايعمل ، “لو يقع لي زلط لافعل و اترك” “لو بس تسبر لي هذه فباسوي و اعمل”، فلا تكون نتائجه إلا خيبات الأمل و التنهدات. لذلك يقول الشاعر أحمد شوقي وما نيل المطالب بالتمني ولكن تؤخذ الدنيا غلابَا.
النوب النحل ما تتبع إلا أبوها.,يضرب للأفراد الذين يتبعون زعيمهم.
ولا بيت إلا وفيبه زولي,ولا بيت إلا وفيبه زولي بمعنى أن في كل عائلة هناك شخص يكون غير أهله في الطباع و الأخلاق. و مثله مابش بيت إلا و فيه حمام.
الذي ما عنده عيد يقول عيدي العافيه.,يضرب للشخص الذي لا يملك شيئا فيتظاهر بالقناعة والاستغناء عنه.
ما تفقد الشمس إلا لقد غابت.,يضرب لأهمية الشخص ومنزلته في قومه.
عابب ولا تحاسد,عابب : من المعاببة ، وهي المنافسة .. ويضرب هذا المثل في التشجيع على المنافسة في فعل ما يحمد عليه المرء وذم التحاسد.
من تحيِّلْ في الشِّرْكَهْ عاقَبَهَ الله في المرق,تحيِّلْ – تحايل الشِّرْكَهْ – أي اللحم و هو ما إشترك فيه مجموعه من الناس كالذبيحة يأتي هذا المثل بمعنى أن من يتحايل و يخادع في شيء ما سيتحمل النتائج في أشياء أخرى.
الحمار في شعب النعيم ينوق.,يضرب للرجل الذي يكون فقيرًا ثم يرزقه الله فيبطر.
كل ماكل امْجمال وقُمْ قَبل امْرجال,مثل قديم جداً وما زال متداول في تهامة خاصة ويتداوله البقية في اليمن عامة ولكن ربما بصيغة أخرى. وهو يُعد من أسوأ الأمثال على الإطلاق. إذ لم نجني سوى المتاعب والمصائب الملقية على أجهزة الهضم. في الأعراس والمناسبات يبدأ الناس بالتحلق حول موائد الطعام أو بالأصح بالانقضاض عليها. بعدها لن ترى إلا الأيادي ترتفع والافواه تلتهم بشراسة كل ما هو ملقي أمامهم وكأن الأمر برمته مجرد معركة بينهم وبين الطعام والوقت ويجب إنهاءها في أقل من خمس دقائق. وبعدها لن يحصلوا سوى على نصر إجتماعي زائف وخسارات مبينة للمعدة وللقولون ولبقية أعضاء جهاز الهضم.
القرد بعين أمه غزال.,يقال هذا المثل لنظرة الأم لأولادها، أو تمييز الإنسان لعزيز لديه بكل ما هو جميل.
من تصبح بكذبة ما تعشى بها,يضرب هذا المثل في الكذب الذي لا يدوم و لابد أن تنكشف حقيقته طال الزمان أو قصر.
من ساير المعالي عِلي ومن ساير المداني دِنى,ساير : صاحب المداني : آراذل القوم بمعنى من صاحب عليه القوم ارتفع قدره، ومن صحب أراذلهم انحط قدره .
أول السرقة بيضة,يؤكد هذا المثل على أن السارق أول ما يبدأ تعلم السرق يبدأ بسرقة الأشياء الصغيرة التي بالكاد تلفت الانتباه، كالبيضة في المثل. و مع مرور الوقت، يتدرج شيئا فشيئا إلى سرقات أكبر.
السراج المغنزي ولا الغدره.,يعني وجود الشيء وإن كان يسيرا أفضل من لا شيء. المغنزي: ضعيف الضوء، الغدرة: الظلام.
ريتك من ضرب ذنه.,يقال لعدم الاكتراث بأمر الآخرين. ذنه: منطقة في محافظة مأرب.
طبينتي ولو من عجينتي,مثل يمنى قديم له قصة حقيقية بانه كان هناك بقرية ما رجل متزوج من ابنت عمه وكانت كل يوم تقوم من النوم وقت الفجر تُعد الفطور كما هي العادة في القرى وفي يوم من الأيام وأثناء ما كانت تخبز قامت بعمل ملوجة نوع من الخبز وقامت بالرسم على الملوجة عينين وفم و أنف وشكلتها على شكل وجه بنت و وضعتها أمام زوجها بغرض اضحاكه و كان الزوج ينظر إلى هذا الوجه المرسوم في الملوجه ويبتسم ويمعن النظر فيها فقام و أخذها إلى يده وقربها من وجهه وقبلها ، فتضايقت زوجته عندما رأته مهتما بالملوجة كثيرا فقامت وسحبت الملوجه من يد زوجها وصاحت طبينتي ولو من عجينتي وقسمت الملوجه الي نصفين واكلت منها
لا تربط حمارك جنب حمار المدبر ، يدْبِرَكْ من دَبُورِه,المدبر: سيء الحظيدبرك : يعديك سوء الحظ الذي لديهدَبُورِ: سوء الحظيشير هذا المثل إلى أن الناس يميلون إلى التأثر بالبيئة التي يعيشون فيها و بطبائع و أخلاق من حولهم من أصحاب و أقارب.
يفصل من السحاب قمصان,"يقال هذا المثل للشخص الذي يبيع الأوهام للناس، يسرد لهم أحلاماً وهميّة ويبني آمالهم على أساس خيالي. حيث يقوم بإنشاء وهم يجعل الناس يعيشون في عالم من الخيال، حيث يتم إقناعهم بوجود أمور غير حقيقية أو تحقق أمنيات خيالية. يمكن أن يكون ذلك نتيجة لتلاعبه بالمعلومات أو استخدامه لتكتيكات التلاعب النفسي لتحقيق أهدافه. في النهاية، يكون قمصانهم من الغيوم، فهي تظهر جميلة ومليئة بالأماني، ولكنها في الواقع غير ملموسة وقد تتلاشى بسرعة أمام واقع الحياة. أمثال مشابهة الترجمة بالإنجليزية . , . , . ’ . , ; , , ."
جحينه لي وحدي، ولا سبايا لي وللناس,يضرب في المرأة الجميلة لا تكون مخلصة لزوجها والمرأة غير الجميلة تكون مخلصة. وورد في أصل المثل أن رجلاً كانت عنده امرأة جميلة، ولكن تبيّن له أنها لم تكن مخلصة له فطلقها، وتزوج بأخرى غير جميلة، فسئل، فأجب بهذا المثل.
أصبحت اللقية سود,اللقية – كنز.سود – فحم.يضرب هذا المثل في الشيء الذي تؤمل فيه الخير الكثير ، لكن بعد الجهد الشاق في الإنتظار، يتبين أن النتيجة مخيبة للآمال.
زايد على يحلق.,يضرب للرجل الذي يعطى شيئًا نافعًا من دون مقابل فيطلب منه أن يكون جديدًا أو كثيرًا.
ما حد ينكش الطين يأذيه.,لمن يثير المشاكل ويُكوَى بنارها.
خيرة شي مقابلة موجاه.,يضرب عند المواجهة بين شخصين متخاصمين.
شقي الحمار متحه.,يضرب المثل لمن يقابل الجميل بالإنكار. شقي: يثيب أو يجازي، متحه: ضربة.
قدي الا تيك المقرمة,من أمثال منطقة الأهنوم.. قدي: قد تيك: تِلك المقرمة: خِمار تغطي به المرأة رأسها معنى المثل أي اذا كان ولابد من المقرمة فلتكن مقابل شيء.. والأصل في المثل أن إمرأة كان يحدث بينها وبين زوجها مشاجرة أو خلاف بسيط فتذهب إلى بيت أهلها ولو لم يكن هناك مبرر ولاسبب مقنع، وكانت لاتعود إلا إذا راجعها زوجها، وأعطاها مقرمة.. وذات مرة حصل بينهما خلاف في الرأي، وأخذت تتأهب للخروج من بيت زوجها للذهاب إلى بيت أهلها كعادتها، فما كان من زوجها الا ان قام بضربها وقال: قدي إلا تيك المقرمة
دقن يسليها بُصلي,المثل يضرب في الأشخاص التافهين الذين ينزلوا بقدر أنفسهم و يقبلوا بالأشياء الدنيئة والتافهة.
حمار تبتل عليه ولا جمل يهدر عليك.,يقال للرجل الضعيف الذي نستطيع أن نقضي به حاجتنا.
اضرب الوطاف يفهمك الحمار.,يضرب لمن يريد محاسبة الآخرين أن يضرب بقوة حتى يكون للضرب صدى.
الحجر من السيله والدم من راسك.,للدلالة عل ضرورة الخسارة لطرف معين.
حراوة يهود لو تقلقلت عطلت.,يقال في الشيء عندما ينحرف عن مساره الصحيح. حراوة: زواج، تقلقلت: تحركت.
ادي مسبّي جنبي ، ويرحم كلاً في طبعه,ادي مسبّي جنبي ، ويرحم كلاً في طبعه يضرب هذا المثل لمن يدحّن أو يتجنب المصائب ويؤثر السلامة من الوقوع في المشاكل . و يُقال أن قصة المثل هي أن أحدهم كان مسافراً و نزل في سمسرة و وضع المسبّ الذي يمتلكه في الرف الذي فوق راسه. و حين حل المساء وضع رأسه على وسادته و ذهب في نومٍ عميق. وبعد قليل أحس بحركه قريبه منه، فرفع بصره، فوجد مسافر آخر يقف بجنب المسبّ الذي يمتلكه. فأخذ صاحب المسبّ مسبّه في حضنه وقال أدي مسبّي جنبي ويرحم كلاً في طبعه
بارك الله فيما اجتمعت عليه الأيدي,بمعنى أن الأكل القليل يكفي الكثير لو أجتمعوا واكلوه مع بعضهم و بالعكس انه لن يكفي اذا اكلوه متفرقين
لا قدك بين المطر لا تبالي بالطَرْشْ,الطَرْشْ – رذاذ المطر او رذاذ الماء المطر هنا رمزٌ لما تواجهه في الحياة من تحدياتٍ وصعوبات. فإن كنتَ في خضمِّها، فلماذا تُزعج نفسك بتفاصيلٍ هي نتيجة طبيعية لوجودك فيها؟ الحياة ليست دائمًا سماءً صافية، وقد تجد نفسك تحت وابلٍ من المشكلات أو في دوامةٍ من الأحزان. لكن إن أدركتَ أن القلق من التعرض لأثار تلك المشاكل لا يُضيف شيئًا جديدًا لحالك، بل هو انعكاسٌ لما أنت فيه، ستهدأ روحك وتستجمع قواك. لا تجعل التفاصيل الصغيرة تسرق منك طاقتك، ولا تدع نتائج ما تواجهه تُضعف عزيمتك.
يدور الحبل، والبقره ضايعه.,يضرب هذا المثل لشخص يهيئ لأمر، لكنه مرتبط بأمر أكبر منه لم يتحقق بعد.
بيتعلم الحلاقة في روس القضعان,بيتعلم الحلاقة في روس القضعان يقال هذا المثل للشخص الذي يستغل الضعفاء أو السذج ليتدرب و يتعلم عليهم. أقضع يعني أقرع و هو الشخص الذي لاشعر في رأسه بتاتا خلاف الأصلع اللي باقيات له شعرتين. . .
زائر ولي مطلبه.,يضرب للذي يزور أحدًا وله مقصد من زيارته.
عس قلبك وقلب غيرك مثلك,عس – المس هذا المثل عبارة عن تعبير مجازي يشجع على التعاطف و تفهم منطق الاخرين. حيث يقترح على المرء أن يحاول فهم تجارب الآخرين ومشاعرهم ووجهات نظرهم قبل إصدار الأحكام أو تكوين الآراء عنهم. ومن خلال تخيل المرء نفسه في موقف شخص آخر، يمكن للمرء أن يكتسب نظرة ثاقبة لأفكاره وعواطفه ودوافعه، مما يعزز الرحمة والتعاطف و التفاهم بين الناس. أيضا يؤكد هذا المثل على أهمية النظر من منظور الآخرين لتعزيز الاحترام المتبادل والتسامح في العلاقات و في المجتمع ككل.
صامت صومه، وفطرت على ثومه.,يقال هذا المثل عن امرأة ماطلت وتأخرت في الزواج، ثم تزوجت برجل لا تنطبق عليه شروطها التي كانت سبباً في تأخيرها.
احْنَا بعرسكم ، و أنتم بمعزانا,من أمثال منطقة عتمة. واحنا : نحن. بمعنى نتمنى لكم الخير، و انتم تتمنون لنا الشر.
حمار ليضه.,يضرب لمن يكشف سريرته في حين لا يعلمها إلا هو. مكان محاط بالأثل والأراك. ومناسبة المثل: أن حمارا كان في مكان يسمى ليضة فأسدل الليل ستاره، وهذا الحمار داخل المكان المحاط بالأثل والأراك. فنهق الحمار من داخل المكان فسمعه ضبع، تى متحسسا على صوته فأكله، فكان صوته دليلا على نهايته.
مداراة المرة ولا مداراة أهلها,ويعني أن طلب رضا الزوجة في منزل الزوجية أسهل و أفضل من طلب رضا أهلها في حال غضبها و ذهابها لبيت أهلها و في روايات أخرى : – مراشات المرة، ولا مراشات أهلها – حب ركبة مرتك في بيتك ولا تحب رأسها في بيت اهلها – حب رأس مرتك وهي في بيتك؛ ولا تحب ركبة عمك وهو في السوق
الطبع غلب التطبع,"الطبع غلب التطبع يعني هذا المثل أن الصفات الطبيعية التي يولد بها الإنسان تتغلب على الصفات التي يكتسبها من البيئة أو التربية أو التعلم. ويستخدم هذا المثل للتعبير عن عدم قدرة الإنسان على تغيير طباعه الأساسية بسهولة، خاصة إذا كانت سيئة أو مضرة. ويقال أن هذا المثل مأخوذ من قصة قديمة عن ملك ووزير ورجل جاء بقطط مدربة على حمل الشموع، ولكن عندما أطلق الوزير فئراناً أمامها، تركت القطط الشموع وركضت وراء الفئران، فقال الملك: الطبع غلب التطبع. أمثال مشابهة , , , , . , ’ . , , . , , , , ."
من سري لك بكر له.,للدلالة عل تزامن الرد.
البرد لشباط والتهمه لكوانين.,يضرب للشخص الذي غالبا ما تُنسب إليه الأفعال السيئة وهو بريء منها، بينما الفاعل الحقيقي شخص آخر.
خذ بقره من بين ذاد ومره من بين رجال.,يضرب في طلب المرأة المهذبة.
لا تأمن الدولة ولو كانت رماد.,يقال لمن يستخف بالأمور.
لقدك سارح كثر بالفضائح.,يضرب للرجل الذي يكون كثير المشاكل والفضائح.
زبيبه وبجحرها عود.,يضرب لمن أعطى شيئا قليلا وأتبعه بمن. زبيبة: يقال في اللهجة الحالمية على واحدة الزبيب، بجحرها: بمؤخرتها، عود: بقايا الساق التي كانت تنمو عليها.
ما تعمل المرة الكاملة فـي البيت العطل,المرة : المرأة العطل : الفاضي او الفارغ. يضرب هذا المثل في عدم جدوى أو إنعدام الفائدة من وجود الكفاءات العالية في بيئة غير مشجعة على الإبداع.
الشيء بأسلوبه، والا اجدلو به.,يقال هذا المثل عن شخص يتناول الأمور بطرق خاطئة.
يسكب في جحله منقوع.,يضرب للرجل الذي تعطيه النصيحة فلا يعيها. الجحلة: وعاء من الطين لحفظ الماء. يسكب: يصب. منقوع: مثقوب.
المتبتل تنخل للعقر.,يضرب للشخص الذي يحسن التصرف مع انعدام الوسائل التي تعينه على ذلك. المتبتل: الذي يحسن التصرف، تنخل: من نخل أي الذي يجلجل التراب وينقيه، العقر: أسفل القميص الذي تلبسه المرأة الريفية.
حجره من القاع والدم من رأسه.,يضرب لمن لم يستمع النصح. القاع: المقصود به الأرض، بمعنى أنه هو الخاسر وليس الناصح.
من شفا البير ولا من قعرها,شفا البير – أعلى البئر الهمزة على الياء في بعض المناطق يتم استبدالها بالياء فالبئر تنطق بير و الذئب ينطق ذيب … الخ. المثل يأتي بمعنى أنه من الأفضل أن تغترف الماء من أعلى البير لصفاءه و نقاوته من أن تغترفه من أسفلها. ذكرني هذا المثل بمقولة زرعها أبي في و أنا جاهل طفل صغير كان يرددها على مسمعي من الحين إلى الآخر تعلم تأكل من عروشها بمعنى خلي طموحاتك عالية في هذه الحياة.
من أجل عين تكرم مدينة,المعنى: أن سعادة البلاد قد تتحقق من خلال شخص واحد
فرحنا بلعمى يآنسنا دحرج عيونه وفجعنا.,يضرب للذي تفرح به وترجو إعانته لك فينقلب عليك. دحرج: أخرج عيونه وجحظ بها للتخويف، فجعنا: خوفنا، يآنسنا: يؤنسنا.
خذوها من أفواه المجانين والأطفال,يأتي هذا المثل بمعنى أنه في بعض الأحيان، يمكن أن تأتي الحقائق الأكثر صدقًا و تحققا من الأشخاص ذو الأرواح الصافية و الضمائر النقية ، مثل الأطفال أو المجانين.
كل شاة معلقة برجلها,يعني هذا المثل أن عواقب أفعال المرء ترجع إلى سلوكه. بمعنى آخر، كل شخص مسؤول عن أفعاله، وسيواجه نتائج تلك الأفعال، وليس نتائج أفعال الآخرين.
ياما تحت السواهي دواهي.,للدلالة عل إصدار الأشياء غير المتوقعة من المصدر.
طريق العز مشوك,"طريق العز مشوك طريق العز مش بسيط لازم تضحي بأشياء كثيرة من أجل الوصول للعز و الكرامة. , . ."
اقلع بصلي واغرس ثومي,بصلي و ثومي مفرد بصل و ثوم على التوالي.يستخدم هذا المثل لوصف الموقف حيث يهرب فيه الشخص من وضع سيء، لينتهي به الأمر في وضع أسوأ، أي مثل استبدال شيء سيء بشيء أسوأ. غالبًا ما يتم استخدامه للتحذير من اتخاذ قرارات متسرعة قد تؤدي إلى عواقب غير مقصودة.
العز في الطاعة والغنى في القناعة,يشير هذا المثل إلى أن عزة الإنسان في طاعة ربه و غناه في قناعته. أيضا يؤكد هذا المثل أن إيجاد الرضا والطمأنينة فيما تملكه أغلى من جمع الثروة، ويشير إلى أن السعادة الحقيقية تأتي دائما من الداخل، ولا تأتي أبدا من الممتلكات المادية.
من بلل ذقنه حلقه.,للدلالة عل ارتباط مهمة با قبلها وتكملة العمل.
تبيع القرية ما يحبلش,تبيع القرية ما يحبلش جرت العادة في القرى اليمنية أن الأشخاص الذين لديهم أبقار و ليس لديهم ثور أن يتم إرسال ابقارهم للتلقيح في القرى المجاورة و ليس في نفس القرية لا أدري ما هو السبب. بغض النظر عن المعنى الحرفي لكن هذا المثل يضرب في الأشخاص الذين لديهم عقدة الأجنبي “عقدة أن الغريب دائما أفضل”. حيث أن الأشخاص الذين يعانون من هذه العقدة التي تشبه إلى حد ما عقدة النقص ينظرون إلى ان أي شيء أجنبي هو يا لطيف و جودة ممتازة سواء لبس اكل تصرفات الخ. روايات أخرى للمثل
من شابه أباه فما ظلم أمه,يضرب هذا المثل في تشابه الولد لأباه في الطباع و الصفات و التفكير في الغالب.
السكتة درب الأخجف,"السكتة درب الأخجف بمعنى أن السكوت أو الصمت للشخص الأبلة هو أفضل نصيحة حتى لا ينكشف جهله و غباؤه. بالإنجليزية . , ’ ’ . ."
خل كلامك ليوم العيد.,يضرب للشخص الذي يتكلم كلاما رديئا. خل: من البقاء.
حبل الدوام قطع في الحجر.,يضرب لمن يداوم على عمل ما لا يكل ولا يمل ثم يؤتى ثأره.
ربي لك حنش في الجيب يصبح لك غريم.,يضرب للرجل الذي يصبح عدوًا لمن رباه وأكرمه.
فلان يومه عيده,يضرب هذا المثل في من يصرف ماله الذي يحصل عليه كل يوم بيومه دون أن يدخر شيئا.
حيث ما غلست، باتت.,يقال هذا المثل لمن ينام في أي مكان دون مبالاة.
ما أحد يغير لساكت,يغير – من الغارة و هي السرعة للنجدةبمعنى أن الشخص المحتاج إلى المساعدة لكن لا يطلبها ، لن يلقى من يساعده.
ساير الجمل يوديك البندر وساير الدجاجه توديك السنداس.,يضرب لمن اتبع الشخص الخطأ.
أخس الظبا أذي ترتمي مرتين,أخس – أكره ترتمي – يتم رميها يضرب هذا المثل في الشخص الذي ما يتعلم من أخطائه السابقة و يكرر نفس الأخطاء.
مُخَزِّن بقلاية,مُخَزِّن – ماضغ و تستخدم فقط مع القات القلاية – حبة الفول يُضرب هذا المثل في من يفرح بالاماني و إن كانت بعيدة المنال.
من جابرك بالضحك ما جابرك بالبكاء,بمعنى أن من يشاركك في الضحك قلما يشاركك البكاء والحزن ويساق هذا المثل لمن لا وفاء له ولا اخلاص
الأعور في بلاد العميان فاكهة ملك,يضرب هذا المثل في أنه حتى الشخص ذو القدرات و الخبرات المحدودة يعتبر مميزًا و يكون مسيطرًا على أولئك الذين لديهم قدرات أقل.
قد به ولا مابش,هذه المقولة تعني أنه أحيانا من الأفضل أن يكون لديك القليل من شيء ما من أن لا تملك أي شيء على الإطلاق. حيث يمكن استخدام هذه المقولة في العديد من المواقف المختلفة في الحياة. على سبيل المثال، من الأفضل أن تشتغل أي حاجة بأي أجر من أن تكون عاطلاً عن العمل، أو أن تأكل وجبة صغيرة بسيطة بدلاً من البقاء جائعاً .
ذي ياكل و ما يحسبش، يفقر و ما يدراش,"ذي ياكل و ما يحسبش، يفقر و ما يدراش ويعني هذا المثل أن الشخص الذي ينفق بإسراف و تبذير دون النظر إلى المستقبل و العواقب قد يقع دون قصد في حالة الفقر. ويؤكد هذا المثل على أهمية الاستهلاك الواعي والتخطيط المالي. وبدون حساب أو ميزانية مناسبة، قد يستنفد المرء موارده ويصبح فقيرًا دون أن يدرك كيف حدث ذلك. هذا المثل بمثابة تذكير بأن نكون واعين لأفعالنا وآثارها المحتملة على المدى الطويل. بالإنجليزية . . . , . ."
قيّم الحساب تدوم الصداقة,بمعنى لتدوم الصداقة لازم المحاسبة بين الاصحاب و تجنب المماطلة في حالة تدين أحدهم من الأخر.
ما صغر على راسك كله.,للدلالة عل تحديد ما يمكن أن تستسيغه. للدلالة عل قدم اكتساب الطبع والصلابة.
سقطه بلقطه.,للدلالة على محاولة الحصول على الشيء دون تدبير.
من قال لك عُود قُل له خازوق,يقال هذا المثل في الحث على رد الإساءة بما هو أكبر منها حتى يرتدع المسيء
يا آكل المن والسلوى، خلقي وخلقك سوا,يأتي هذا المثل بمعنى ان تفاضل الناس و اختلافهم بالتقوى و الأخلاق الكريمة و ليس بالغنى و سعة الرزق .
ديمه قلبنا بابها.,يضرب للأمر المتشابه مضمونا المختلف شكلا. قلبنا: حولنا.
من أكل على البصيلة سنة، أكل على العسيلة سنين,البصيلة و العسيلة تصغير للبصل و العسل على الترتيب.ويعني هذا المثل أنه من أجل تحقيق الرخاء، يجب على المرء أن يعاني و يعمل بجد.
مابيقولوا في السماء؟,يقال في أصل هذه المقولة أن رجلا أعور سأل امرأة طويلة تهكما و تنمرا على طولها “مابيقولوا في السماء؟” كناية عن طولها و أن باستطاعتها مخاطبة ساكني السماء. المهم هي ردت عليه تهكما: فاتحين فرده و مغلقين فرده، كناية عن نظره بعين واحدة. التشبيه هنا مثل الطاقة النافذة التي تُفتح بمصراعين حيث يطلق على كل مصراع ب الفرده. الخلاصة: لا تدع أي إنسان يسخر من جسمك من شكلك من لونك أو حتى من أصلك لأنه لا يحق له. أيضا علموا أبنائكم هذه المقولة “من قلك عود قله خازوق” لان هذه الطريقة الوحيدة لإيقاف المتنمرين.
من جالس جانس.,للدلالة عل اكتساب السلوك بالتأثر من الآخرين.
ديك يقاقي ورجله فمخرا,يقاقي – من المقاقة أي صياح الديك. 🪶 ملاحظة: المقاقة في لهجات دول الخليج قد تحمل معنى مختلف. فمخرا – في الخرا. 🪶 ملاحظة: اللهجة التهامية تستخدم “الطمطمانية” أو “أم الحميرية” ، وهي ظاهرة صوتية لغوية قديمة من اللغة الحميرية حيث يتم إبدال لام التعريف ميما. ف القمر ينطق امقمر و الفجر ينطق امفجر … و هكذا. هذه اللهجة و هذا الاستخدام منتشر حاليا في تهامة و عسير و جازان. يضرب هذا المثل في الشخص الوضيع الذي يغتر و يتباهى بنفسه.
لا تكحل عين وتعور عين.,يقال عند طلب المساواة والعدل بين الناس.
ما حد يعادي العصاده.,يضرب للشخص الذي يعادي آخر يستطيع أن ينال منه. ما حد: أي لا أحد، العصادة: أي المرأة التي تعمل العصيد.
لنطل السماء شل ملء ثوبك.,للدلالة عل مساواة همك بهم الآخرين والتخفيف من الهم. نطل بمعنى سقط.
ذي ما نفع أمه ما نفع خالته.,يقال للإنسان الذي لا يُرجى منه فائدة.
من ركب على جملين اشترخ,اشترخ : انقسم جسمه لنصفين ويضرب هذا المثل لمن يريد الجمع بين عملين في آن واحد
كُلِّه كُبْد يا جاره، قومي إدِّي شَقَا الوِقَّارَة,كُبْد – عناء و مشقة قوم – إنهض إدِّي – اجلبي شَقَا – اجرة الوِقَّارَة – تخشين الرحى عندما يصبح المطحن الحجري أملس مع كثرة طحن الحبوب و مع مرور الزمن جاره – كان يهود إب يطلقون على أي شخص لا يعرفونه من المسلمين ب الجار أصل المثل أن امرأة في إب استدعت يهوديًا ليعمل الوِقَّارَة. فلما أفرغ من عمله بدأت تقص عليه متاعب الحياة و كثرة الديون قصدها إن اليهودي سيسامحها في الأجرة. المهم اليهودي خلاها تكمل قصتها و بعدها قال هذا المثل “كُلِّه كُبْد يا جاره، قومي إدِّي شَقَا الوِقَّارَة”.
ضربني وبكى وسبقني واشتكى.,يضرب للرجل الذي يكون دائم الحيلة والخداع.
زين خشبه ترجع عجبه.,يضرب المثل في رعاية الشيء لتزيينه ونموه. خشبة: بمعنى شيء بجمادي لا قيمة له، لكن بالإصلاح والرعاية يصير شيئا جميلا وعجيبا، ترجع عجبة: تصير عجيبة.
إذا بيت الله بيوطل، فأين عاد الكنان”,بيت الله بيوطل – سقف المسجد يسرب ماء أثناء المطر الكنان – الاحتماء من المطر بمعنى إذا كان اللجوء إلى بيت الله لا يقي من هلجة المطر فأين السبيل. هذا المثل يلمح بشكل غير مباشر كيف كانت حرمة أماكن العبادة مقدسة عند اليمانيين و العرب عمومًا و من العيوب التي قد تندرج تحت العيوب السوداء أن يتم انتهاك حرمة بيت من بيوت الله. حيث إذا التجأ واحد لبيت من بيوت الله لا يحق لأي شخص أيا كان أن يمسه بسوء ما دام ملتجئ فيها، حتى لو عليه ما عليه.
رب لك حنش يلقعك.,للدلائة عل حصول السوء ممن ترعاه.
سلاحك أقرب من أخوك,و المعنى أن سلاح المرء أسرع إلى نجدته من إخوانه وأصحابه. ففي الأوقات الصعبة، يمكن أن يكون السلاح الذي يحمله الإنسان أكثر فعالية في حمايته من الأشخاص الذين يعتبرهم أصدقاء أو أقرباء. السلاح يمكن أن يكون أداة حماية قوية، ولكنه يتطلب استخدامًا حكيمًا ومسؤولًا. وفي النهاية، القوة الحقيقية للإنسان تكمن في قدرته على استخدام عقله وقلبه بحكمة، بغض النظر عن الأدوات التي يحملها في يده.
وجه مثل الصفا وعيون مثل الحصا.,يضرب للذي لا حياء فيه ولا مروءة. مثل الصفا: لا يعرق.
ذي ما يزرب ويمنع له المنايا تجيله,يزرب: من الاسم زرب والزرب هي الاغصان التي يكون فيها الاشواك الكبيرة وهي اغصان شجرة السدر. له المنايا تجي له: بمعنى الذي لا يتعب ويجتهد ويحافظ على أشيائه سوف يخسر كل شي ويضيعه. هذه المثل ينسب إلى الحُميد أبن منصور رجل حكيم عايش الوقت وسايره تضرب به الاحكام والامثال. هذا المثل القديم يضرب في شد العزيمة والاجتهاد وعدم التخاذل. من الامثال الشعبية الخاصة بمحافظة الضالع.
كل زبيبه بجحرها عود.,يقال للشخص الذي يشكو من المصائب.
من رقع ما عِري ومن نَيَل ما بِلي,هذا المثل يدل على حرص الإنسان في استغلال ملابسه و النيله هي صبغه كانت تستخدم لتجديد الألوان للملابس
قوله وصميله,ويقصد بالمثل فرض الرأي بالصميل أو القوة والصميل عصا غليظه تستخدم للضرب والدفاع عن النفس
ضمرك الحسد مثل التيهم.,يضرب لمن يخفي شيئا عن الناس وهم عارفون به. ضمرك: كلمة تنحمل معنى الاستفهام، بمعنى هل باعتقادك، وهذه لهجة حالمية، التيهم: الضباب الذي يظهر في الصباح الباكر يغطي الجبال.
كسر الحجر وشمها والبنت طالع لامها.,يضرب للتشابه في الطباع بين الأم والبنت. لمها: لأمها.
الشجن قتل عجوز,من أمثال محافظة تعز الشجن : الفضول و سبب المثل إن إحدى العجائز سمعت صراخ في الحي فخرجت برأسها من نافذة البيت ولشدة فضولها اخرجت رأسها وجسمها لترى وتشاهد ماذا يحصل فتزحلقت يدها وهوت من النافذة وماتت .
من زحزح الحيد خربه,الحيد : الجبل يضرب هذا المثل في قوة الإنسان وقدرته على قهر الصعاب
خذ من صاحبك مره ومن سلبك جره.,يضرب المثل في الأخذ بالتجربة والتفريق فيها بين الصديق والسلاح. صاحبك: صديقك وخليلك، سلمك: عتادك أو سلاحك، جرة: اسم مرة من جر بمعنى أخذ.
دبر رز.,يضرب لمن تكثر فيه النوازل. دبور: لهجة حالمية تعني النكد والبلاء، رزينة: اسم امرأة اشتهرت بكثرة البلاء والحزن؛ مات زوجها وأولادها وأبوها وأمها وإخوانها.
السفر يسفر عن أخلاق الرجال,بمعنى إذا اردت ان تعرف معدن الرجل فسافر معه.
من ذي ترجمش وأنتي عندنا عصيدة,من أمثال بني سيف من قضاء يريم يقال إن أحدهم نزل عند ناس فأكرموه وقدموا له الترجمانه حين سمع اسمها ظن أنها طعام غريب لم يتذوقه من قبل فلما رفع الغطاء عنها وجدها عصيده فقال المثل بمعنى من سماك ترجمانة وانتي عندنا عصيدة ♔برنسســــيسهہء♔ ♛┊↺ ↺┊♛ 〰〰〰➰〰〰〰
الجايات أكثر من الرايحات,يقال هذا المثل للشخص الذي يخسر أو يفوته شيء ما. حيث يقال له هذه المثل للتخفيف من ألم الخسارة و الفقد و أيضا لإعطائه الأمل بأن القادم أجمل و أفضل.
املأ البيت كبا ولا تمليه نسا,كبا – الوقود الذي يصنع من فضلات الحيوانات و يصنع على اشكال دائرية.في المثل تحذير من الإكثار من الزواج بأكثر من واحدة ، لكثرة المشاكل التي قد تنشأ من وجود الضراير في منزل واحد.
آخرة الأخوة عيال عم,بمعنى قد يصل الوضع بين الأخوة في حالة وجود مشاكل بينهم الى يتعاملوا بينهم البين كعيال عم.
عُلُمَ الدهر و لا عُلُمَ الوالدين,عُلُمَ يعني تعليم و تربية يأتي المثل بمعنى أن تعلمنا تجاربنا طوال حياتنا أكثر تأثيرا مما نتعلمه من أي شخص آخر، بما في ذلك آباؤنا. بينما يرشدنا الآباء ويعلموننا دروسًا مهمة في هذه الحياة، الا أن التحديات والأخطاء والنجاحات التي نواجهها بمفردنا هي التي تشكلنا حقًا. يساعدنا الوقت على فهم الأشياء بعمق، ورؤية وجهات نظر مختلفة، والنمو بشكل أكثر حكمة. في الجوهر، إن العيش في لحظات مختلفة من الحياة يعلمنا أكثر مما يمكن لأي شخص أن يعلمه إيانا.
حبه بحه والحب يكتال.,يضرب عند تساوي الأمور.
الوحدة عبادة,أو بالفصيح “الوحدة خير من جليس السوء”و يعني هذا المثل أنه من الأفضل أن نعيش في وحدة بدلاً من أن نكون بصحبة أشخاص سيئين قد يؤذوننا أو قد يجلبون لنا أشياء تضرنا. المثل يأتي كتذكير بأن جودة العلاقات أهم من الكمية.
إذا نزل القدر عمي البصر,المثل يأتي بمعنى أن ما قدره الله سيكون، و وقت نزول القدر لا يمكن لأي شي أن يغيره.
الزوج لانتي قوية والاخ لانتي غنية والاب لانتي بلية,لانتي – إذا انتي بلية – يعني ضعيفة يأتي هذا المثل بمعنى أن الزوج لا يفتخر بزوجته إلا إذا كانت قوية. و الأخ لا يهتم بأخته إلا إذا كانت غنية. و الأب لا يهتم و يحنو على بنته الا اذا كانت ضعيفة و مسكينة. لذلك يقولون “الأب هو أول بطل في حياة بناته”. المثل يضرب في الحالات النادرة الحدوث.
بكر ولا لصي ما معه إلا الصره والنصفي.,يضرب المثل في الرضا با هو مقدور وحاصل. بكر: أسرع في البكور ولم يشعل النار، الصرة: ما يوضع داخلها القوت، النصفي: الذي يستخدم لوزن الحبوب.
يا متصدق بالمرق أهل بيتك أحق,يضرب هذا المثل في من يتصدق على الآخرين و أهل بيته أحوج للصدقة. حيث يشجع هذا المثل الناس على إعطاء الأولوية لأن يكونوا طيبين و كرماء مع اقاربهم في المقام الأول قبل توسيع نطاق لطفهم و كرمهم مع الآخرين.
حارك القريب ولا ابن عمك العيد.,يضرب للحث على مودة الجار.
من أعجبته بضاعته بارت,يضرب هذا المثل لمن يحرص في الاحتفاظ ببضاعته انتظارا منه لارتفاع اسعارها فتنتهي بضاعته إلى الكساد.
من حسب الدية ما قتل,بمعنى من فكر في الدية فإنه يكف عن مطاوعة نفسه بالاعتداء على خصمه بالقتل
الشراع بشرع لعمري والحطبه بحطبه.,يضرب للذي يستغني بنفسه عن غيره. الشراع: تمكين حلة العصيد فوق الأحجار عند طبخ العصيد، لعمري: لنفسي.
عزوا بمن فقد عقله ولا تعزوا بمن مات.,يضرب للمجنون أو الذي يتصرف كالمجنون.
الخبازه تعرف وجه المتغدي.,يضرب لمن يعمل عملا ويرى أثره في الشخص الذي استفاد منه. الخبازة: المرأة التي تعمل الخبز، المتغدي: الشخص الذي يأكل الغداء.
كلب السوق ما يرعى غنم,"كَلْبُ اَلسُّوقِ مَا يَرْعَى غَنَم يعني هذا المثل أن الاشخاص الذين اعتادوا على بيئة معينة قد يفتقرون إلى المهارات أو الخبرة اللازمة للمهام المرتبطة بالحياة في بيئة مختلفة. وبمعنى أوسع، فهو يؤكد فكرة أن الأشخاص غالبًا ما يتفوقون في المجالات التي لديهم معرفة وخبرة فيها، لكنهم قد يكافحون أو يكونون غير فعالين عندما يواجهون مهام أو تحديات خارج نطاقهم المعتاد. يعد هذا المثل بمثابة استعارة للقيود التي يمكن أن تنشأ عندما يكون الأفراد خارج نطاق إستطاعتهم أو يحاولون القيام بأنشطة ليسوا مناسبين أو مدربين عليها. أمثال مشابهة . , . . , ."
يا راقصة في الغدرا محد يقلش ياسين,يضرب هذا المثل لمن يجهد نفسه في عمل ما لكن لا يحس به أحد، قد يكون بسبب توقيت الفعل و مكانه و حيثياته.
فلان مثل خُنَيس,خُنَيس : لقب يطلق على الثعلب في مناطق خبان وما حولها. و خُنَيس لفظة تطلق على الشخص كثير المراوغة والاختفاء والتقلُب في المواقف كما هو الحال في الثعلب عندما يختفي من أمام عينيك في وضح النهار. والخنوس في معاجم اللغة معناه الاختفاء ويقال بالعامية في نفس المنطقة : فلان اختنس، أي اختفى.
لا كثر أمطباخين عطل أمزاد.,يضرب لكثرة الآراء غير الصائبة التي تفسد الأمر. أمزاد: العصيد.
لبج الخي يفهم الجمل.,للدلالة عل الإيجاء وعدم المباشرة في اللوم أو المدح.
من جيز البل يا بعير.,يقال للشخص الذي يشبه من حوله أو يتأثر بهم. جيز: مثل، البل: الإبل، البعير: الجمل.
مابش بيت إلا و فيه حمام,مابش بيت إلا و فيه حمام بمعنى أن في كل عائلة هناك شخص يكون غير أهله في الطباع و الأخلاق. و مثله ولا بيت إلا وفيبه زولي.
من احتاج للصوف جَزَّ الكلب,جَزَّ الكلب – جَزَّ صوف الكلب. يعني هذا المثل أنه عندما تصبح الحاجة لشيء ما ملحة للغاية، سيفعل الناس كل ما هو ضروري لتوفير تلك الحاجة، بغض النظر عما إذا كان يبدو ذاك الشيء معقولاً أم لا.
جت منك يا بيت الله,جت : جاءت ، ويضرب المثل لمن يبرر إهماله للواجب بعذر غير مقبول …. أصل المثل أن رجلاً كان يفضل الصلاة في بيته .. ولما اقنعه و ألح عليه اصحابه بالصلاة في المسجد سار مغصوب متكلف ..فوجد باب المسجد مغلق فقال جت منك يا بيت الله..
من له مهرة ما مل خزاها.,يقال لصاحب العمل الذي يتحمل عيوب مهنته. مهرة: عمل، خزاها: الخزى وهو الشيء القبيح.
ريتك من ضرب كلكته بلاد النامس.,يقال للتمني بالسوء لشخص ما. كلكته: منطقة في الهند.
رأس حنش ولا سلة عرادين.,يضرب لمن اعتمد على رجل شجاع مقدام خير من غيره المترددين. سلة: كيس، عرادين: حيوان صغير يشبه الضب، وسلة عرادين كناية عن الكثرة غير المجدية.
استنجب الخال يأتيك الولد أما الصبايا على عماتها,اسْتَنْجَبَ – تخير النجيبَ.بمعنى اختر زوجتك المستقبلية بحكمة، فقد يحذو أبناؤك حذو أخوالهم، بينما قد تشبه بناتك عماتهن.الروايات الاخرى للمثل:“استنسب الجيد يأتيك الولد و البنت تأتي على عماتها”“اتنسب الخال يأتيك الولد لعماتها. والبنت تأتي على عماتها”“اختار الخال يأتيك الولد”“استنسب الخال يأتيك الولد والبنت تأتي لعماتها”“انسب الخال يأتيك الولد وانسب العمه تأتيك البنيه”“تنخب الخال يأتيك الولد”“تنسب الخال يأتيك الولد والبنت و البنت تجي لعماتها”
قصاص الغيب وهم لا يعلمون,يضرب المثل في القاتل الذي ينجو من القصاص ويموت قتلاً ويقابله المثل القائل “بشر القاتل بالقتل ولو بعد حين ” أو “قضى لما مضى” وقصة المثل أن جندياً نظامياً من جنود الإمام يحيى حميد الدين قتل رجلاً وحكم عليه بالقصاص فتدخل الأمير علي بن يحيى بن حميد الدين وأرضى أولياء الدم ولم يكن الناس عندهم الجرأة على رد تدخل أحد من الأمراء فعاش الجندي عند الامير علي وكلفه بالإهتمام بحديقته وفي أحد الأيام تعطلت المضخة فنزل الجندي لإصلاحها فسقطت الحديدة عليه وفصلت رأسه عن جسده كمايفعل السياف بالقصاص.
ما عاد عود يرجع قعود.,يقال لمن يتقدم في العمر ولا يمكنه العودة كما كان صغيرًا. عود: كبير السن، قعود: ابن الجمل.
أشقب الرجال من عادى الــــــرجال,المثل يأتي بمعنى أن أشقى الناس من يعادي كل الناس و ما يخلي له لا صديق و لا صاحب.
من حب نفسه شنيوه الناس,من حب نفسه شنيوه الناس
قال احلب الربح، قال خايل لا نعفته.,يضرب لمن ليس من أخلاقه فعل المعروف فلا يرجى منه خير. الربح: القرد، خايل: انظر، نعفته: صورته فهل ترجو حلبًا من القرد.
الكسوة ريش و المأكل حشيش,"الكسوة ريش و المأكل حشيش يقال هذا المثل في الحرص على الظهور بالشكل المناسب. ويدل أيضا أن بعض الأشخاص قد يتزين بما لا يناسبه أو يتباهى بما ليس له ويشبهه بمن يلبس الريش بينما هو يأكل الحشيش – طعام الحيوانات وهو لا ينتمي إلى أي منهما. وينطبق على المتصنع والمتكبر والمتظاهر بالفضل والمكانة. ويحذر من الانخداع بالمظاهر الزائفة والزينة المستعارة. وينصح بالصدق والوفاء والتواضع والرضا بالقسمة. أمثال مشابهة , , . ’ ; ."
كؤزوز ولا ظلمه.,الشيء القليل خير من العدم. والكؤزوز: الضوء الخافت.
يا خيطة أمانتك البيضة,"يا خيطة أمانتك البيضة يعبر هذا المثل المجازي عن فكرة الاعتماد على شيء هش أو شخص ماغير موثوق لحماية شيء قيم أو مهم. بالإنجليزية , , . ."
أرزاق مش على البِكَّاْرَة,يأتي هذا المثل بمعنى أن الحياة أحيانا تأتي بالحظوظ و ليس بالجهد و بمن يبكِّر أولاً. هذه ليست قاعدة عامة و لكن بعض الأشخاص قد يحالفهم الحظ أكثر من غيرهم.
ركبه وشقي له.,يضرب للشخص الذي تساعده فيطلب أجرا منك. ركبه: بمعنى أركبه، شقي: بمعنى أعطه أجره.
اعمل لك بكل وادي دار.,يضرب في أن المعروف ليس محصورا في مكان أو زمن معين، ويحث على تكثير الأصدقاء وفعل الخير حيثما حللت.
خلاه يرى أمه حريوه.,يضرب لقوة المتحدي والمتوعد. خلا: جعله أو تركه. حريوة: عروسة.
ما حليب يرجع ضرة,ضرة – ضرعيضرب هذا المثل في استحالة إعادة الأشياء إلى سابق عهدها. و غالبًا ما يتم استخدام هذا المثل في سياق العلاقات أو المواقف التي تكون منتهية و احتمالية عودتها إلى وضعها السابق مستحيلة.
حبتي ولا ذي نقمها.,يضرب للشخص الذي يتمسك بحقه حتى ولو أعطي أفضل. حبتي: من الحبوب. ولا: أو. نقمها: أكلها.
قال اكذب تنجا قال الصدق أنجا.,يضرب لمن يظن أن الكذب سينجيه من العقوبة.
من راعى للموت فضحته العافية,و يأتي هذا المثل بنفس معنى المثل القائل العافية ما تخفيش نفسها أي أن من يدعي المرض وهو صحيح معافى تفضحه العافية وتكشف للناس خداعه في التمارض
حقكم حق وحق الناس مرق,يضرب هذا المثل في الشخص الذي يدافع بقوة عن حقوقه عندما يكون له حق عند الآخرين. ومع ذلك، عندما تنقلب الأمور ويكون عنده حق للآخرين، فإنه غالبًا ما يتجاهل حقوقهم ويقلل من قيمتها.
ما سقينا به زحيك به.,للدلالة على تداعي الأحداث وتعميمها.
انزل يا رزق قال يتساعدوا أهل البيت,يؤكد المثل على أن التعاون بين أفراد الأسرة الواحدة يساهم في تحسين نوعية الحياة وزيادة الرزق لجميع الأفراد في الأسرة. .
أدّي لحبيبك موجودك.,أي لا تتكلف لصديقك شيئاً لا تطيقه، بل قدم ما عندك وإن كان قليلا.
ما طبيب طب عمره.,يضرب على عدم قدرة الطبيب دفع المرض عن نفسه أو علاجه في الغالب.
آخر التجنان الجنان,بمعنى إن من يدعي أنه مجنون يصاب بالحنون ومثله المقوله لا تمارضوا فتمرضوا
هين قرشك ولا تهين نفسك,"هين قرشك ولا تهين نفسك يضرب في وجوب الدفاع عن كرامة المرء ببذله المال. و أن لا يجعل المال سبب في إهانة كرامته لان المال من إسمه يميل من ناس إلى ناس و إذا راح المال جاء غيره لكن الكرامة إذا راحت ما ترجعها كنوز قارون. ’ . , , ’ . , ."
ترك الحق زندقة,ترك الحق زندقة بمعنى أن تجاهل الحقيقة أو الإعراض عن الحق لأي سبب كان يعتبر زندقة. و الزندقة هي النفاق. . . .
بَدَّل بحَرِيوَتِهِ عُظْمِي,حريوة – عروسةعُظْمِي – تشبيه للمرأة الكبيرة في السنيضرب هذا المثل في من يستبدل الشيء الحسن بشيء اسوأ منه.
من كثروا حرواها باره.,للدلالة عل فشل الهدف إذا كثرت الفرص.
من تبع الدجاج دخلته السفل,السفل :حضيرة البقر أو المكان الذي تعيش في البقرة هذا المثل يضرب في الجليس السوء بمعنى آخر من تبع عيال السوء سوف يكون منهم.
من غفل من شاته جابت طلي.,للدلالة عل ضرورة الاهتام با في حوزتك وعدم إهمالها.
الحليم تكفيه الإشارة,بمعنى أن الشخص النبيه يفهم الكلام بسرعة بديهة من دون الإطالة. و في الفصيح العبد يقرع بالعصا والحر تكفيه الإشارة
ريتك من ضرب ماويه.,يقال لمن يتمنى حدوث شيء سيئ لشخص آخر. ماويه: منطقة في محافظة تعز.
صبر ساعة يؤمنك الدهر كله,يؤكد هذا المثل على فكرة أن مع الصبر و التحمل باستطاعة الإنسان أن يحقق النجاح و يضمن لنفسة السلام الداخلي.
المفارع له واحد,المفارع : من يتدخل لفك الاشتباك بين المتخاصمين بمعنى أن المفارع لا يسلم من ضربة تقع عليه خطأ من أحد المختصمين
جراده في مشفري خير لي من مئة بربوي.,يضرب لمن يقنع بالقليل المتيسر ويدع الكثير غير المتحقق. جراده: واحدة الجراد، مشفري: الشفتان، بربري: نوع من الماعز.
من روّج باع ، ومن إغلى أكله,يُضرب هذا المثل في الحث على القناعة من الربح بالشيء اليسير حتى يتسنى له بيع ما يخشى تلفه
حريوة في أمرضاح تكتب أو لا تكتب.,الكثّ على الإيمان بالقدر. حريوة: زوجة، أمرضاح: المقعد الذي تجلس عليه المرأة في ليلة فرحها.
كلاً حيره على من قدر وأنا حيري على حمار خالتي,ويعني إن كل شخص يتقوى على من هو أضعف منه وهو مثل من المناِطق الوسطى ويقال أن ولد كان يُضطهد ويُضرب من خالته زوجة أبيه ويخرج يضرب الحمار ويخرج غضبه عليه لأنه لايستطيع الرد عليها خوفا منها وكان يقول : كلا حيره على من قدر و أنا حيري على حمار خالتي
من شبرني ذرعته.,يقال في رد الجميل بأفضل منه.
بيت الله أولى بالمساكين,بيت الله أولى بالمساكين .
سائل يشتي بر.,يقال لكل شخص متسول يشترط العطاء. يشتي، يري.
الشركه مكوى يوم والزنه مكوى سنة والمره مكوى الدهر,والمفردات : المكوى : الورطة الشركة : اللحمه الزنة : الثوب المرة : الزوجة ويقصد بهذا المثل هو ضرورة الأختيار السليم في كل شئ حتى لا تتورط به وقد فصل المثل أن شرائك للحمه وهي سيئة تتورط بها يوم أو يومين والثوب إذا لم تحسن اختياره تتورط أو تلبسه عام كامل أما الزوجة الغير صالحه فهي ورطة العمر
دي ما شافك ما لامك.,للدلالة عل ضرورة الحضور قبل العتاب.
ما تغزي الا بقوم قد غزت، و الا فخلي المغازي لـأهلها,"مَا تَغْزِي إِلَّا بِقَوْمٍ قَدْ غَزَتْ ، وَإِلَّا فَخَلَّى اَلْمُغَازِي لِأَهْلِهَا المثل بمعنى لا تقم بالغزو إلا إذا كان لديك جيش متمرس في فنون الحروب والغزوات لتكون فرصة النصر في صالحك، وإلا فالأفضل ترك هذه المهمة للأشخاص المؤهلين لها. أمثال مشابهة ’ , . . . , . , ."
يدك بلقفه وأصبعه بعينك.,يضرب للشخص الذي تعمل معه خيرا ومعروفا فيجازيك بالعكس. لقفه: فمه.
الربح عند المخاطر,المخاطر – المجازفات أو المغامرات يأتي هذا المثل بمعنى أنه لتحقيق المكاسب الكبيرة أو الأرباح الهائلة، غالبًا ما يكون من الضروري المخاطرة والخروج من منطقة الراحة الخاصة بك. لكن في نفس الوقت، من المهم التركيز و التنبيه إلى أن المخاطرة يجب أن تكون مدروسة و حكيمة، حتى لا تتعرض حالتك المادية أو الشخصية للخطر ، يعني يجب أن يكون هناك حدود معينة للمخاطر لا ينبغي تجاوزها .
أنا في حنجك وأنت في قلفاع راسي,"أنا في حنجك وأنت في قلفاع راسي هذا المثل يعبر عن حقيقة مؤلمة في الحياة، وهي أن البعض لا يقدر الجهود التي تبذلها لمساعدتهم. في بعض الأحيان، عندما تقدم يد العون للآخرين، قد لا يقدرون هذه المساعدة كما يجب. بل وقد يصل الأمر إلى حد الإيذاء أو الإساءة إليك في المقابل، بدلاً من الشكر والامتنان. هذا المثل لا يعني أننا نتوقف عن مساعدة الآخرين، ولكن يجب أن نكون حذرين ونتعلم كيف نحافظ على حدودنا ونحمي أنفسنا. في النهاية، الأمر يتعلق بالتوازن بين العطاء والحفاظ على الذات. بالإنجليزية , . , . , , . , , . , . , ’ ."
شاة البلد تعشق التيس الغريب.,يضرب لمن تعاون مع الغريب وترك القريب.
لا تعلم لجعص المحادمه.,للدلالة عل عدم استفزاز المعروف بالسوء أو الهزل معه. لجعص بمعنى كثير الأسنان في الفم.
من جده محمد تبنجخ,مَنْ جَدِّهْ مَحَمَّدْ تِبَنْجَخْ اَلْمَثَل يَعْنِي مَنْ كَانَ جَدُّهُ اَلنَّبِيُّ فَإِنَّهُ يَتَّكِلُ عَلَى اَلنِّسَبِ وَيَفْعَلُ مَا يَشِتِّهي عَلَى أَسَاسٍ أَنَّ اَلنِّسَبَ سَوْفَ يَشْفَعُ لَهُ مِنْ فِعْلِ أَيِّ شَيْءٍ مُخَالِفٍ . وَ يُسَاقَ هذا المثل لَمِنْ يَرْتَكِبُ أَخْطَاءً قَبِيحَةً ظَنًّا مِنْهُ أَنَّهَا لَا تَكْتُبُ لِأَنَّهُ مِنْ نِسَبِ آلُ البَيْت.
خلاه يبسر أمه حريوة,أمثال مشابهة
ما يطن الفأس إلا من حجر.,يضرب لمن يعرف بالهدوء ثم يأتي يوم فيجدونه غاضبًا. يطن: يعطي صوتًا أي طنينا.
صيب البلاء قحطتين,"صيب البلاء قحطتين صيب بذرة قحطتين حبتين بذر يضرب هذا المثل في أن الشر و البلاء قد ينشىء من أشياء صغيرة تافهة. فالأمور الصغيرة التي نتجاهلها في الحياة اليومية قد تكون لها تأثيرات كبيرة في المستقبل. قد يكون هذا الأثر إيجابيًا أو سلبيًا، ولكن في كلتا الحالتين، يجب علينا أن نكون حذرين ونعي أن الأمور الصغيرة قد تكون لها تأثيرات غير متوقعة. في الواقع، هذا المثل يذكرنا بأن الأمور الصغيرة قد تكون أكثر أهمية مما نظن. فالأفعال الصغيرة التي نقوم بها يوميًا، مثل الابتسامة لشخص ما أو تقديم يد العون، قد تكون لها تأثير كبير على حياة الآخرين. وبالمثل، الأخطاء الصغيرة التي نرتكبها قد تؤدي إلى نتائج سلبية كبيرة. ومع ذلك، يجب أن لا نخاف من الأمور الصغيرة، بل يجب أن نتعلم منها ونستفيد منها. فالحياة مليئة بالتجارب والأخطاء، والأهم من ذلك هو القدرة على التعلم من هذه الأخطاء والنمو من خلالها. في النهاية، يجب أن نتذكر دائمًا أن الأمور الصغيرة قد تكون لها تأثيرات كبيرة. وبالتالي، يجب علينا أن نعي هذا الأمر ونتعامل مع الأمور الصغيرة بجدية. فقد يكون الشر والبلاء ناتج عن أمور صغيرة تافهة، ولكن بالمثل، قد يكون الخير والسعادة ناتجة أيضًا عن أمور صغيرة. بالإنجليزية , . , . . , , . , . , , , . , , , . , . , , ’ . , . , ’ . , . , , . , ’ . , ’ . ’ . , . ’ , . , ’ , ."
سِرَهْ في جحر كلب,سِرَهْ في جحر كلب يقال هذا التعبير عندما يواجه الشخص امور معقدة لا لها نهاية.
قبصة في جحر جمل,يستخدم هذا التعبير لوصف شيء صغير جدًا مقارنة بشيء أكبر بكثير. غالبًا ما يشير هذا التعبير إلى المواقف التي يقدم فيها الشخص بعمل شيء ما لا يحمل أي تأثير يذكر.
كل تأخير فيه خير إلا أمحراوة.,يقال لطلب الاستعجال بالزواج. أمحراوة: الزواج.
هدية الغرابي دوده.,يضرب للرجل البخيل الذي لا يأتي إلا بالقليل من الشيء.
كل واحد يظلم على قدر جهده,"كل واحد يظلم على قدر جهده هذا المثل يعبر عن الحقيقة المؤلمة للطبيعة البشرية، حيث يميل البعض إلى استغلال القوة والسلطة للضرر بالآخرين. ولكن يجب أن نتذكر دائما أن العدل هو الأساس الذي يجب أن تقوم عليه كل المجتمعات. . , . , ."
ثخي وزيدوا له قوق.,يضرب لمن فيه عيب وحاول التكبر. تخي: اسم لرجل مشهور بالتسول، قوق: اسم رجل كثير الفضول والتظاهر وهو فقير معدم.
حاسب ريح.,يقال هذا المثل عندما لا نتمكن من إمساك الشخص المسبب في الخلل أو المشكلة.
أجا المفارع من الشارع.,يقال هذا المثل لحل المشكلة وانفراج الأزمة بتدخل من الخارج.
اذكر الكلب و في يدك حجر,يشير هذا المثل إلى ظاهرة يطلق عليها في علم “ما وراء علم النفس” بالتخاطر حيث أن ذكر شخص ما يمكن أن يؤدي إلى ظهوره غير المتوقع بعد فترة وجيزة. كما لو أن مجرد ذكر اسم شخص ما له تأثير استدعاء. لذلك هذا المثل ينصح بالاستعداد لمواجهة الشر في حال ظهوره جراء هذه الظاهرة.
ابْنْ العَم على المَعْقَمْ وابْنَ النّاس على الرّأس,المَعْقَمْ : عتبة الباب. و المعنى نكرم البعيد على حساب القريب، مع أن الأقربون أولى بالمعروف
آح من السكوتي مُوتي ومن الرَّحِيمه يَانَا,من أمثال مدينة عدن ويعني : آح :كلمه تقال للشكوى من ألم جسمي أو نفسي السكوتي : الصموت الرحيمه : المرأه الوديعة المظهر يانا : ويحي و يُضرب هذا المثل لمن ظاهرة السكينه وباطنه الدهاء والمكر.
من شاهق إلى داهق إلى قباض الأرواح,شاهق: الجبل المرتفع.داهق: شديد. داهق اسم فاعل للفعل دهق، دهق الشيء بمعنى كسره وقطعه.يضرب هذا المثل لمن يوكل أمره إلى شخص فيحيله إلى شخص أخر و هكذا ولا يلقى أي نتيجة.
كنن و فجى,جملة كانت ترددها النساء في صنعاء و أصلها تركية و الكنن و الفجى بمعنى الغبن و القهر
من مشيخك واعور قالوا ما لقينا غيره.,يضرب للقوم الذين يولون أمرهم إنسانا سيئا لأنه أفضلهم.
من قال حقي غلب,بمعنى أن صاحب الحق يغلب كم منهو طال الزمان أو قصر. و يقال أيضا صاحب الحق سلطان.
يوم عرس العوره، يختزق الطبل.,يضرب هذا المثل عندما تسير الأمور باتجاه معاكس لرغبة الإنسان غير المحظوظ وغير الموفق.
ما يصلي المصلي، إلا وساهن مغفره.,يضرب هذا المثل حينما ينتظر المرء فائدة يرجوها من وراء قيامه بعمل ما.
حج وبياع مسابح.,للدلالة عل الخلط بين المهام والأعال.
دار الظالم خراب ولو بعد حين.,يضرب المثل في التعريض أن الجزاء من جنس العمل. دار الظالم: مجاز مرسل ذكر المحل ويريد الحال: حال الظالم، خراب: الدمار ويقصد به الجزاء، ولو بعد حين: ولو بعد وقت آجل.
أمحجر من أمقاع وأمدم من رأسك.,يقال للإنسان الذي لا يقبل النصيحة ويعود الضرر عليه. أم: أل التعريف في المنطقة الوسطى، أمقاع: الأرض.
راضيه بالموت يرضى بالحمى,يقال هذا المثل لمن يختار مكرهاً أخف الشرين
لا تسأل عن سوق أنت وارد إليه.,يضرب للشخص الذي يتلهف لمعرفة شيء سيصل إليه بالتأكيد.
كل ما يعجبك و إلبس ما يعجب الناس,"كل ما يعجبك و إلبس ما يعجب الناس يقال هذا المثل في الحرص على الظهور بالشكل المناسب. لكن الجانب الأخر من المثل أنه قد يشجع على التصنع و الرياء بلبس ما يحب الناس رؤيته لكنه في الحقيقة لا يعكس حقيقة الشخص. أمثال مشابهة , , . ’ ; ."
غرَّامة و لا ملك,"غرَّامة و لا ملك غرَّامة جمع غرَّام و هو الشخص الذي يدفع الغُرُمْ و هو مبلغ من المال يدفعه كل شخص في القبيلة في حالة أن شخص من القبيلة أحتاج إلى مساعدة كدفع الدية مثلا. و المثل يعني أن الغرَّامة يقومون بعمل أفضل بكثير مما قد يعمله الملك لمسكين ما. بالإنجليزية . , , . ."
قد سار من كل شي أحسنه حتى السرق,يقال ان احد الفقهاء في جامع من جوامع صنعاء القديمه احب ان يصتفي يعني يدخل المصافي حق الجامع ويتغسل ولهن تسمية اخرى المطاهير خلس ثيابة استعداد لصفي جسمه وحطهن فوق الجدر حق المطاهير ودخل يفعل غطسه ماخرج الا وماعدبش ثياب سرقوهن فلم يجد الفقيه مايلبس ولم يجد احد في المطاهير كي يخبره بما حصل. مر الوقت واذا بأهل الفقيه دخلوا اليه ولديهم ثياب ففرح الفقيه وسألهم كيف عرفتم ان ثيابي سرقت قالوا رجال دق علينا وقال الفقيه سرقوا لداته فضحك الفقيه وقال ماهذا الا سارق طيب مارضي عليا اجلس مخلوس بين البرد المهم بعد فترة طويله حدث نفس الموقف مع نفس الفقيه وسرقوا ثيابه مره ثانيه والفقيه اطمن ان السارق ساع المره الاوله ماعيخليه مخلوس بين البرد ولكن هذه المره طال انتظار الفقيه ولم يأتي احد من اهله وخرج مخلوس قدام الناس يصيح للناس يستروه وبعد ماستروه سألوه مالك قال قد سار من كل شي احسنه حتى السرق…
داو الحمار من رونه.,يضرب لمن أساءوا إليه ويرد الإساءة بمثلها. داو: عالج. روثه: الغائط.
سيف الدولة طــــــويل قال: سـيف الحراف أطول,الحراف – الفقريؤكد هذا المثل على أن الأشخاص المحرومين أو المحتاجين في هذه الحالة، الذين يتضورون جوعا يمكن أن يصبحوا قوة جبارة، وربما أقوى من سلطة دولتهم. ويؤكد فكرة أن الاحتياجات الأساسية، مثل الغذاء، ضرورية للحفاظ على الاستقرار والنظام الاجتماعي. إذا لم يتم تلبية هذه الاحتياجات، يمكن أن يؤدي ذلك إلى الاضطرابات والصراعات.
حافظ على الصديق ولو في الحريق.,يضرب المثل في شدة الاهتمام والحرص. في الحريق: كناية عن صعوبة الموقف، بمعنى ولو كان في أصعب المواقف.
دخل بسحي وخرج بزقي.,يضرب المثل لمن أتى إليه رجل ذليل وأكرمه وبعد حين تنكر لإكرامه. بسحي: كناية عن التواضع، بزقي: كناية عن النكران.
الثور لما يتمدد، تكثر سكاكينه.,يضرب هذا المثل، عندما يكثر الناس من ذكر مثالب وسوءات إنسان، بعد نكبة ألمت به ولم تذكر قبل ذلك.
سبع سنين خضرا قالت: انا بساعتي الغبرا”,يضرب هذا المثل في من يعد و يُمَنِّيَ شخص ما بأشياء كثيرة لكن الحاجة هي في تلك اللحظة. و يضرب في من يهتم باللحظة و لا يشغل باله بالمستقبل.
ربِّي الحنش يصبح لك غريم,الحنش – ذكر الأفعى.غريم – عدو.يضرب هذا المثل عند إظهار اللطف و المساعدة لشخص يصبح ناكرًا للجميل أو مؤذي. بمعنى أخر يُضرب هذا المثل لمن يجازي الإحسان بالإساءة.
من أبوه الثور بتل,بتل – حرثيستخدم هذا المثل للتأكيد على فكرة أن الابن غالبًا ما يتصرف أو يكون له صفات مشابهة لأبيه. ويشير إلى أن الأطفال غالبًا ما يقلدون سلوكيات آبائهم أو عاداتهم أو سماتهم. لذا، إذا رأيت ابنًا يتصرف بطريقة معينة، فمن المحتمل أن والده تصرف بطريقة مماثلة. غالبًا ما يستخدم هذا لتسليط الضوء على السمات الإيجابية والسلبية التي تنتقل من جيل إلى جيل.
من جالس جانس,يضرب هذا المثل في الحث على اختيار الصديق الصالح لما لمعاشرة الاخيار أو الأشرار من أثر في السلوك والطباع
أكل اللحم ودس العظام في جحر عِرَيْجْ,عريج: تصغير عِرْجْ بمعنى ضبع.يضرب هذا المثل في من يرتكب ذنبا و يلصق التهمة في غيره لينجو من العقوبة.
أَخْرَجْ فيه عُيُوب البَغْله.,البَغْله : أنثى الحمار يُضرب هذا المثل لمن يُفرط في ذم شخص أو شيء لغرض في نفسه.
السكوت علامة الرضا,يعني هذا المثل أنه عندما تظل ساكت بشأن شيء ما، فهذا يعني أنك راضي عن ذاك الشيء. بمعنى آخر، من خلال عدم التحدث ضد شيء ما، قد يُنظر إليك على أنك توافق عليه.
سهد و مهد,سهد و مهد يضرب هذا المثل في وصف وفرة الرخاء و الخير و انتشاره بين الناس. و مثله سهود و مهود.
مثل مشقية المريب.,يضرب للرجل الذي يعمل من دون مقابل. المريب: إبرة الخياطة.
الذي ما يِخَوِّلْ من راس المسب ما يِخَوِّلْ من جحره,يِخَوِّلْ – يقتصد. المسب – وعاء المسافرين قديما يشبه شنطة الظهر حاليا، في الريف المسب أيضا يطلق على اله الحراثة التقليدية التي يتعاون في استخدامها شخصين لجرف التربة. جحر المسب – أي قاع المسب. يضرب هذا المثل في الشخص المبذر الذي لا يستطيع الاقتصاد في صرفته. و المثل بمعنى من لا يستطيع الاقتصاد و مسبه مليان بالزاد لن يستطع التوفير و المسب على وشك ان يكون فارغا.
من أحب الجمل أحب جَمَّالِه,يأتي هذا المثل بمعنى أنه عندما تحب شخصا ما فإنك تحبه بمميزاته وعيوبه. لا يوجد انتقائية في الحب.
لا تفرح بالورث يا موروث.,يقال لمن يفرح بشيء سيتركه لغيره في النهاية.
جرذي ما وسع داخل الخباره دخل معه زربي.,يضرب المثل لمن هو في مكان ضيق وأحضر معه أعوانا. جرذي: هو الفأر، الخبارة: حفرة صغيرة يبيت فيها، زري: نوع من أغصان الأشجار الشوكية.
مال الحرام للحرام,هذا المثل يؤكد على فكرة أن الثروة أو الممتلكات المكتسبة بوسائل غير أخلاقية و غير مشروعة – المال الحرام – لن توفر منفعة دائمة للشخص الذي يحصل عليها و إنما تؤدي إلى نتائج سلبية حيث تضيع في نهاية المطاف أو يمكن أن تلحق الضرر بالفرد الذي حصل عليها و على من يستفيد منها من أهله. أيضا المثل يأتي بمثابة تذكير أخلاقي يؤكد على أهمية الصدق والنزاهة و كسب المال الحلال الخالي من أي شبهة أو ظلم.
كما تميت غلقت”,تقول القصة وراء هذه المقولة أن خطيب جمعة أطال في الخطبة فالناس ملوا و خرجوا من الجامع واحد بعد واحد. فآخر واحد كان قيِّم الجامع و كان منيدر منكت قال للخطيب، و هو جالس مستمر في الخطبة، و ماعد في حدا في الجامع “كما تميت غلقت” أي متى ما كملت الخطبة لا تنسى ما تغلق الجامع.
جوعة نسر,يضرب في وصف حالة الجوع القصوى حيث يتم تشبيه هذا الجوع بجوع النسر عندما يلقى حيوان ميت ينهشه بشره. عكس المثل القائل شابع شبعة كلب.
المليح تعرف بأدرامها,بمعنى أن الفتاة يُعرف جمالها من عقبيها كما يعرف قبحها كذلك منهما
ساير الحمار يوديك السندأس.,للدلالة عل الخطأ في معاشرة الأشرار. السنداس مكان الفضلات.
باب النجار مكسور,ويعني هذا المثل أن الأشخاص الذين لديهم مهارة أو خبرة معينة في مجال معين يميلون إلى إهمال وضعهم الشخصي في ذلك المجال. على سبيل المثال، قد يكون لدى الميكانيكي سيارة مدقدقة و لا تعمل بشكل جيد، أو قد يكون باب النجار مخلوع أو مكسور .
جوهرة في حلق كلب,يضرب هذا المثل في الشخص الذي يملك شيء غالي و نفيس لكن لا يعرف و لا يقدر قيمته.
جني عشق عضروط,عضروط: انثى الجني.يضرب في أن الشخص يأتلف مع من يشاكله في الطباع و الصفات.
إذا صلحت النية صلح العمل,بمعنى متى ما صلحت نية الشخص في عمله سيكلل عمله بالتوفيق و النجاح. ويعني أيضا أن وجود النية أو الرغبة في فعل شيء له قيمة أخلاقية مساوية للقيام بالفعل ذاته. أيضا هذا المثل يؤكد على أهمية نوايا الفرد ويشير إلى أن الفكرة وراء الفعل يمكن أن تكون بنفس أهمية الفعل نفسه.
حجرة الفسل كبره.,يضرب لمن تصرف تصرفا يدل عل جهله. الفسل: الخائف، كبرة: كبيرة.
إذا غضب الله على الذَّرَة أريشت,الذَّرَة – النملة.أريشت – نبت لها ريش.يضرب هذا المثل المجازي تحذيرا من الغرور و تكلٌّف المرء فعل ما ليس من طبعه.
بيعمر قصور في الهواء,"يقال هذا المثل للشخص الذي يبيع الأوهام للناس، يسرد لهم أحلاماً وهميّة ويبني آمالهم على أساس خيالي. حيث يقوم بإنشاء وهم يجعل الناس يعيشون في عالم من الخيال، حيث يتم إقناعهم بوجود أمور غير حقيقية أو تحقق أمنيات خيالية. يمكن أن يكون ذلك نتيجة لتلاعبه بالمعلومات أو استخدامه لتكتيكات التلاعب النفسي لتحقيق أهدافه. في النهاية، تكون قصورهم مبنية في الهواء، فهي تظهر جميلة ومليئة بالأماني، ولكنها في الواقع غير ملموسة وقد تتلاشى بسرعة أمام واقع الحياة. أمثال مشابهة: الترجمة بالإنجليزية . , . , . ’ . , ; , , ."
يا لعن أبو القِّل خَلَّى كل شاجع ذليل,لعن – لعنة الله أبو القِّل – كناية عن ضيق ذات اليد شاجع – شجاع يضرب المثل الشخص العزيز الذي تجعله الظروف وقلة الحيلة ذليلاً للناس.
من شقى لقى، ومن رقد تمنى.,يضرب هذا المثل عند نجاح الإنسان بعد اجتهاده، خلافًا للعاجز والكسلان الذي يكتفي بالأماني.
إذا جالك من العز قبضة، خذلك من الذل ثنتين,معنى المثل أنه إذا ابتسم لك الدهر ، وأنعم عليك بنعمه ، وأسبغ عليك من فضله ، فلا تنخدع به ، ولا تغتر بما أعطاك ، فإنه قد يعطيك من شروره ومحنه وبلاءه أضعاف ما أعطاك من خيره ورخاءه وسعادته . ويضرب هذا المثل في أن العاقل ينبغي ألا ينخدع بإقبال الدنيا عليه ، وأن يتوقع ما قد يحدث له من تقلباتها ومصائبها ، وأن يشكر الله على ما أعطاه ، ويستعد لما قد يبتليه به.
قلايتي و إلا الديك …,القلا : نوع من أنواع الحبوب وقصة المثل كان هناك شخص ادعى على جاره ان ديك الجار ياكل القلا الخاص به فقام الجار بالاعتذار واعطاه اضعاف ما اكله الديك من قلاّ .. من باب الذوق وحسن الجوار .. لكن صاحب القلا رفض و قال قلايتي والا الديك .. يعني اشترى حقي القلا الذي اكلهن الديك نفسهن مش بدلهن واذا ما تقدر ترجعهم تعطينى الديك ويضرب هذا المثل للمتعنت في رأيه…
ما ينفعك ما مع أخوك ولا سراجه يضي لك,يؤكد هذا المثل على أهمية الاعتماد على الذات ويشير إلى أن الاعتماد على الآخرين قد لا يؤدي دائمًا إلى النتائج المرجوة. أيضا هذا المثل يشجع الأفراد على تحمل مسؤولية حياتهم و خياراتهم في هذه الحياة.
جني عشق عضروط.,يضرب لتوافق القبيح مع القبيح أو السيئ مع السيئ.
اللي ما تعرف تبخر تحرق ثوبه.,يضرب للمرأة التي تعمل شيئًا وهي لا تجيده فتؤذي نفسها.
ملطام شوتري,الشوتري: سمسار الحمير ملطام: الصفعة والمثل بمعنى أن سمسار الحمار يصفعه بقوة و بأسلوب يجعل الحمار يعدو سريعاً
العصا لمن عصا.,يضرب لمواجهة العاصي باستخدام العصا والقوة ضده.
القبقبه للولي، والفائده للقيوم.,يقال هذا المثل عندما يأخذ الفائدة شخص معين بالاسم والسمعة، ولكن الحقيقة تذهب لشخص آخر.
غلاق الميه يا ناراه.,لمن لم يبق له شيء ليخسره. الميه: المئة.
يا فصيح، لمن تصيح.,يضرب هذا المثل عندما ينبه الإنسان شخصًا معينًا لأمر مهم، لكنه لا يستجيب له.
خضوع عند الحاجه رجوله.,يضرب المثل في الاستسلام عند الضرورة. خضوع: الاستسلام للشيء، عند الحاجة: عند الضرورة، رجولة: صفة القوة والشجاعة.
من دور لشي حصله.,يقال للشخص الذي يبحث عن المتاعب. دور: بحث، لشي: لأي شيء، حصله: وجده.
سبوله بدون حب.,يضرب للشخص فارغ العقل.
السلا درج عجوز.,يضرب لمن تذهب إلى أماكن الأعراس والحفلات على كبر سنها. السلا: الفرح، درج: أطاح بها وأسقطها؛ لأنها كبيرة ومع ذلك تتحمل المشاق.
من مرع نفسه يداوى بزرحه.,يضرب لمن يمرض نفسه بنفسه. مرع: أصابه بالعين. الزرج: المخلفات التي يخرجها جهاز الإخراج عند الإنسان.
عين في المقبرة و عين بتدور مرة,من أمثال مدينة شهارة . و يضرب هذا المثل في الشخص يطيل النظر إلى النساء ،ويأتي هذا المثل في قولهم :”عينه طويله..
من شقي لقي ومن رقد تمنى.,يضرب لمن يشقى ويتعب فيجني ثمرة تعبه بينما الكسول يتمنى أن يجد مالًا فلا يجده.
مع أخوتي مخطي ولا وحدي مصيب.,يقال للشخص الذي يفضل الجماعة حتى لو كانوا على خطأ.
مزهـنق مثل دور حُبَيْش,مزهنق مزخرف. دور – بيوت حُبَيْش – مديرية من مديريات محافظة إب. يشير هذا المثل إلى أن بعض الأشياء قد تبدوا لك جذابة و أنيقة من الخارج، في حين أنها لا تمتلك أي قيمة حقيقية تذكر من الداخل. على نفس القياس، قد تلاحظ أن بعض الأشخاص في محيطك يركزون بشكل مفرط على المظهر الخارجي السطحية ظنا منهم أنها أهم شيء و يتجاهلون الجوهر، في حين أنهم من الداخل قد لا يساوون بصلة. لذلك هذا المثل يحفزنا بشكل غير مباشر على التركيز على تطوير الجوهر و يحذرنا من الانجرار وراء السطحية.
محد يرهن مكعسه ليلة عرسه.,يضرب للرجل الذي يكون في ليلة عرسه ويطلبون منه رهن زينته. محد: لا أحد من الناس. المكعس: ما تضعه المرأة من زينة الشقر.
سر مع الكذاب لا باب الدار.,يضرب للذي تصدقه وتوافقه بغية أن يتبين لك أمره.
إقنع بالقليل يأتيك الكثير,يقال هذا المثل للتأكيد على أهمية القناعة و كيف أن القناعة بالقليل قد تكون سببا للحصول على الكثير. و كما تقول المقولة المشهورة القناعة كنز لا يفنى. في حين أن هذا المثل يحمل حكمة كبيرة، فمن المهم توخي الحذر في تفسيره. لأنه قد يسيء البعض فهم ذلك كمبرر لعدم التطوير من قدراتهم، أو إهمال تعليمهم، أو الفشل في السعي لتحسين حياتهم.
من شاهدك يا ثُعَيْلْ؟ قال: سُبْلَتِيْ,ثُعَيْلْ تصغير كلمة ثعل بمعنى ثعلب.سُبْلَة – ذيل.يضرب هذا المثل في الرجل المحتال، حيث يجد من يدعم حجته و يقف معه من أعوانه و أتباعه. يمكن أن يشير هذا المثل إلى أن الأشخاص ذوي التفكير المتشابه يميلون إلى معاونة بعضهم البعض.
ومن تعظم هلك,و المعنى يضرب في المغرور تكون نهايته المذلة والاحتقار
العشماء بتحطب من باب الصعد.,يضرب للكسول الذي يحاول أن يجد حاجته بالقرب منه ولا يسعى إليها. العشاء: المرأة الكسولة المهملة، باب الصعد: بجانب الصعد وهو الأحجار التي يوضع عليها إناء الطبخ أو مكان الطبخ على الأحجار في المطبخ القديم.
ويل حاذق أرحب من أخبل نهم,مثل ما نعرف أرحب ونهم مدريتان متجاورتان نهم من جهة مأرب و أرحب من جهة عمران و كلاهما يقعان في الشمال الشرقي من محافظة صنعاء. يروى في أصل المثل أن رجلين أحدهما من أرحب والآخر من نهم خرجا من صنعاء عائدين الى منطقتهما، وكان مع صاحب أرحب حمار قد وضع عليه أشياءه التي اشتراها من صنعاء ، وجرى بينهما الحديث في شؤون الحياة حتى تناول موضوع ما اشتراه صاحب أرحب واتفقا على أن يأخذ صاحب نهم الحمار بما عليه إذا سلك الحمار الطريق اليمنى وهي طريق نهم ، وإذا سلك الطريق اليُسرى وهي طريق أرحب فصاحبه أولى به . فلما إقتربا من مفرق الطريق الذي بين أرحب ونهم سأل صاحب نهم صاحب أرحب كيف صوت قرع الطبول عندهم ، فقال : قِرِم قِرِم قِرْم ثم سأل صاحب أرحب صاحب نهم نفس السؤال فأجاب مِنْ مِنْ مِن مِنْ مِنمِنٌ فلما سمع الحمار من من – وهي كلمة تقال للحمار ليتجه لليمين سلك طريق نهم فكان الحمار من نصيب صاحب نهم.
افتح بابك واشتهر والا اقفله واستــتر,يشير هذا المثل إلى أنه إذا قررت أن تضيف ناس و ترحب بضيوف في بيتك، فتأكد من قدرتك على تلبية احتياجاتهم بشكل كامل وسخاء لتجنب أي انتقاد و حتى لا تلام على أي تقصير. أما إذا كنت غير قادر على تلبية احتياجات ضيوفك من الأفضل أن تبقي أبواب بيتك مغلقة، وبالتالي تتجنب أي لوم أو انتقاد على التقصير. و لن يلومك أحد على عدم استقبال الضيوف.
الورق عقارب الدهر,الورق كناية عن المستندات.يساق هذا المثل في الحرص على الحفاظ على المستندات و الوثائق الهامة أمنة ومنظمة تحسبًا لأي تغييرات غير متوقعة في الحياة. بمعنى أخر أن مستند أو وثيقة واحدة يمكن أن توفر الكثير من الوقت والمتاعب في المستقبل. المثل أيضا يذكرنا بأن التدابير الوقائية غالبًا ما تكون أكثر فعالية وأقل تكلفة من التعامل مع عواقب الإهمال.
ما يزاوج بالأرض إلا وقد شاكل في السماء.,يضرب للنفوس التي تأتلف مع أشباهها.
رضا الناس غاية لا تدرك,يضرب هذا المثل في استحالة إرضاء جميع الناس. لذلك لا تجعل إرضاء الناس غاية من الاساس، من رضي بك و بإيجابياتك و بسلبياتك فمرحبا به و من ما رضيش يشرب من ماء البحر.
حر يا ثور كله على قرئك.,يضرب للشخص الذي يتكاسل عن أداء الأعمال وهو ملزم بإنجازها.
من أمنك لا تخونه ولو كان على قطع رأسك,يضرب هذا المثل في الحث على أداء الأمانة، والوفاء بها وعدم خيانة من وثق بك مهما ترتب عليها من مشقة
اللي ميوصلش للعنب، يقله حامض.,يقال هذا المثل لإنسان أخفق في تحقيق هدف معين، فراح يعيب ويقدح في هذا الهدف بعد فشله.
اللقمه بحلق اليتيم تكبر.,يقال هذا المثل عندما يحسد الناس من أصابه خير ويرونه غير جدير به.
لا تجلس حيث ما يقولوا لك قم.,يضرب لمن يجلس في مكان فوق مرتبته، أو منصب غير مؤهل له.
جراده لا خشم عرداني.,يضرب المثل حين يأي الشيء في غير مكانه. جرادة: واحدة الجراد، لا: بمعنى إلى، خشم: فم، عرداي: نوع من الحيوانات الصغيرة تشبه الضب ويعرف بكبر رأسه.
الأصول ما تخيب,يؤكد هذا المثل على أهمية الحفاظ على السمعة الطيبة و النزاهة التي تحظى بتقدير كبير في العائلات الكريمة و الأصيلة. حيث إنهم يسعون جاهدين للحفاظ على أصالتهم و سمعتهم الكريمة و الطيبة وتجنب أي أعمال قد تشوهها.
في بير من حلبة,"في بير من حلبة يقال هذا التعبير لوصف الشخص الذي يقع في ورطة ويجد نفسه في موقف صعب لا يستطيع الخروج منه بسهولة، كما لو كان في بئر ضيق وعميق مليئة بالحلبة المعرفة بطبيعتها اللزجة. هذا التعبير يستخدم عادة للتأكيد على صعوبة الموقف وتعقيد الأمور. بالإنجليزية , . ."
قَرِّبْ القرود بالعهود,القرود كناية عن الأعداء أو المعارضينيقال هذا المثل في التسويغ لاستعمال العهود من أجل استمالة المخالفين أو الأعداء من أجل الانتقام منهم.
جمل محمل زبيب ومأكله سنف,سنف – شجرة شوكيه يضرب هذا المثل لمن يُحرم ثمار عمله و لا يستفيد منها. أيضا يضرب في الشخص الذي يملك أشياء ثمينة و غالية لكن لا يدرك قيمة ما عنده.
سارق و مبهرر,مبهرر: ناظر بنظرة غضب.يضرب هذا المثل في من تجتمع فيه الرذيلة و الطبع الزفت و ذلك لدفع التهمة عليه.
لما شبع صالح قال مالح.,يضرب للرجل الذي يأكل الطعام وبعد الشبع يعيب الطعام.
ثربة بين كلاب,"ثربة بين كلاب يضرب هذا المثل عندما يكون هناك شيء ذو قيمة كبيرة في يد شخص لا يقدره أو لا يعرف قيمته. يمكن تطبيقه على العديد من السياقات، سواء كانت مادية مثل الجوهرة الثمينة في يد الشخص الذي لا يعرف قيمتها أو غير مادية مثل الفرصة أو الموهبة التي لا يقدرها الشخص. يهدف المثل إلى تذكيرنا بأننا يجب أن نقدر الأشياء الثمينة في حياتنا وأن نعرف قيمتها. . . , . ."
عز القبيلي بلاده، ولو تجرع وباها,تجرع – شرب رشفة برشفة وباها – بلاها و وباءها أي مرضها يأتي هذا المثل بمعنى أنه بغض النظر عن الصعوبات أو المشاكل التي قد يواجها الشخص في بلده ، إلا أن عزته و كرامته في بقاءه فيها.
ما مليح الـا وحُمَّا,مليح – حسن حُمَّا – أسفا عليه بمعنى أن كل جميل لا يخلو من عيوب.
يا كيل من رأس أمسب لاما تصل لا قاعته.,يقال في الإسراف في الأمور. أمسب: وسط، قاعته: جلد الماشية.
بدنا صيت ما بدنا مكسب,"بدنا صيت ما بدنا مكسب يضرب هذا المثل لمن يؤثر الشهرة على المكاسب المالية. أيضا يؤكد هذا المثل على أهمية الصيت في تحقيق مكاسب على الأمد الطويل. بالإنجليزية , . . , . , ."
من قعَّى لِقْفَه دخلين الذبان,قعَّى – فتح فمه لِقْفَ – فم الذبان – الذباب هذا المثل يأتي بمعنى أنه إذا كنت تتحدث كثيرا أو لا تتجنب المحادثات الغير الضرورية، فمن المحتمل أن تقع في مشاكل أو سوء فهم. لذلك هذا المثل يركز على أهمية التزام الصمت و اتخاذ مبدا “خير الكلام ما قل و دل”.
اللي ميرضابوش مظفر، يرضا به مكثل.,يقال هذا المثل عندما يُعرض على المرء أمر فيرفضه، ثم يقبل أمرًا أسوأ منه.
من تزوج من غير جنسه ظلم نفسه,يأتي هذا المثل بمعنى أن من تزوج من فتاة ليست من مستواه الاقتصادي و الاجتماعي فكأنما ظلم نفسه. بمعنى أنه إذا تزوج من فتاه فقيرة و هو كان ميسور فليس من المستبعد أن يحتقرها و يعايرها بفقرها و لو بطرق غير مباشرة. و في المقابل إذا تزوج من فتاة أغنى منه فليس من المستبعد أن تتعالى عليه.
افتح دكانك وافتخر، وإلا غلقه واستتر.,يضرب لمن يعمل عملا يكون على مستوى المسؤولية وإلا فلا داعي للتفاخر.
جمل يعصر، وجمل يأكل عصار.,يضرب هذا المثل عندما يجتهد شخص ويبذل جهداً في شيء معين، فيأتي آخر ويقطف ثمرة جهده.
قايس قبل ما تقطع.,يضرب للتخطيط للأمور قبل البت فيها.
دق الحديد وهو حامي,يضرب هذا المثل في إستعجال عمل بعض الأشياء ما دامت الظروف مناسبة، تماما كضرب الحديد و هو حامي حيث هذا الظرف يساعد على تشكيل الحديد بسهولة. و المثل يأتي كنصيحة يُفهم على الشكل التالي : تصرف الآن لأن الوضع مناسب.
شعره من ذنب الكلب فائده.,يضرب للحصول على القليل من البخيل.
يموت البَخيل في خِرْقَه,خرقه – قطعة ثوب ممزقة.كثيرا ما يتم استخدم هذا المثل لوصف الشخص البخيل. حيث أنه في بعض الأحيان على الرغم من ثروة البخيل الكبيرة، إلا أنه لا يجد أي راحة أو متعة في حياته، لدرجة أنه يمكن أن يموت وهو مرتدي ملابس ممزقة خرق. لكن خير البخيل لا يظهر الا بعد وفاته، لأن الأموال التي لم ينفقها خلال حياته تترك للآخرين.
نهاب وهاب,مثل مركب من كلمتين متضادتين ويضرب المثل على من ينهب حقوق ناس وينفقها على ناس آخرين
شهر مالك فيه نفاعة لا تحسب أيامه.,يضرب في الأمور التي ليس فيها فائدة. نفاعة: فائدة.
لا تقول للجمل دور، وعينه أكبر من عينك.,يقال هذا المثل في وجه شخص يرشد من هو أكثر منه خبرة بالحياة.
إذا يدك تحت الحجر شلها بالبصر,إذا يدك تحت الحجر شلها بالبصر بمعنى إذا وقعت في محنة فحاول تنسحب منها برفق و بصر حتى لا تتضاعف عليك المصيبة. .
يا داخل جحر الحمار عد شيء فساح للمشايخ يدخلوا,يا داخل جحر الحمار عد شيء فساح للمشايخ يدخلواتعود قصة المثل إلى الشيخ علي عبد الله بن أحمد صلاح شيخ خبان حيث يروى أن هذا المثل كان جوابه على سؤال رجل رآه وهو يُدَخّن البوری المداعة عند باب دار الامام يحيى بصنعاء فقد سأله الرجل عما يُخبره البوري فقال يا داخل جحر الحمار عد شيء فساح للمشايخ يدخلوا. متهكما بالحال التي وصل اليها المشايخ في عهد الامام يحيى بن حميد الدين من الاهمال والمذلة بعد أن كان الإمام يتلطف بهم ويثير فيهم العزة والكرامة ليناصروه على العثمانيين فلما استغنى عنهم وخلا له الجو أخذ يذلهم ويؤذيهم ويكسر شوكتهم.
سلام يجرّ سلام ، يجرّ دُبّا يجر شام,يجرّ : يستدعي .. و أصل المثل أنه كان هناك مزارع لا يرد السلام على أي أحد يمرّ من جانبه فسأله ابنه : ليش يابه ما ترد السلام على الناس ؟ فأجاب : سلام يجرّ كلام ويجر دبا ويجر شام بمعنى أن رد السلام سيفتح مجال للناس يتكلموا معه وبالتالي يطلبوا منه دُبّا وذرة شاميه
افترطت المسبحة,يقال هذا التعبير في وصف تفرق الأخوة أو الاصحاب و تشتت شملهم.
كل زبيبه في طيزه عود.,يضرب للرجل الذي يشكو إلى الآخرين همه بينما الآخرون لديهم هموم أيضًا. طيزه: مؤخرته.
ماشي طبل قال طبلين.,لمن لم يجد القليل وأراد الكثير.
لامن حبك زرطك ولا من كرهك قرطك.,للدلالة عل التخفيف من الاثنين وعواقبها. الزرط بمعنى هضم الشيء دون إعال الأسنان، والقرط عكسه.
طر يا طير وحبلك بيدي.,للدلالة عل حقيقة الرجوع إلى نفس المصدر.
لا قدك في الملح دقق.,يقال لمن بدأ في أمر فينبغي عليه أن يتقنه.
حمار تركب عليه ولا جمل يهدر عليك.,يضرب لمن يعمل عملا مع امتلاكه الحرية في العمل. يهدر: لعاب من أفواه الجمال يصدر عنها فتصير مسعورة لا يمكن السيطرة عليها.
بيته مكه وأنا سعيد اليهودي.,يقال هذا المثل عند قطع الصلة بين شخص وآخر، بحيث يمنع نفسه من دخول بيته أو اللقاء به.
من رضي بشنق نفسه شليت برجله,بمعنى من أراد لنفسه الهلاك فعليك بمساعدته
وا نمر باب بيتك وا ثعل باب بيوت الناس.,يضرب للجبان الذي يظهر الشجاعة في بلده وإذا خرج منها جبن. الثعل: الثعلب.
تنزل فراتت,الضمير في ” تنزل ” عائد على القمر والفراتت هي القطع المتناثرة . أصل المثل أن رجلاً حضر صلاة كسوف القمر ..فطالت الصلاة ، وضاق الرجل وخرج من الصف وقال تنزل فراتت أي ليحترق القمر أو يتساقط قطعاً متناثرة ..فذلك أهون عنده من تطويل الإمام للصلاة .
دعوة العبد بتاوي ركبه.,يضرب في الذي يدعو على أهله فإنه أول من يتضرر. بتاوي: تعود عليه، من أوى أي عاد.
قليل دائم ولا كثير منقطع.,يضرب به للصبر والقناعة بالقليل.
ما سيل إلا من جبل.,يضرب في أن الشيء العظيم لا يأتي إلا من عظيم.
من شبق السانه خرجوا بنيه عمي.,يضرب لمن يتعجل في الأمور فيفسدها. الشبق: التلهف والعجلة. العسانة: القطة.
حيث ما ألصه باته.,يقال للشخص الذي لا يتحرز من المبيت في أي مكان. ألصه: هى ألصت بمعنى تأخرت. باته: باتت، أمست.
رسول الذري.,المعنى أنه أرسل في مهمة ولم يرجع إلا بعد فوات الأوان. الذري: البذور، والمعنى أنه أرسل لإحضار البذور فلم يرجع إلا بعد الحصاد.
يد الفارغ من النار,الفارغ – العاطل عن العمل يؤكد هذا المثل على فكرة أنه عندما لا يشغل الأنسان نفسه بأي شيء يفيده، غالبًا ما ينتهي به الأمر إلى عمل أشياء سيئة أو الانخراط في أعمال لا ينبغي عليه عملها. لذلك، هذا المثل يعتبر تذكير لنا بأن نبقى منشغلين دائما بالأنشطة المفيدة والهادفة التي تنفعنا في مستقبلنا و تنفعنا لتجنب الوقوع في فخ إدمان العادات السيئة التي تم تشبيهها ضمنيا في هذا المثل بالأعمال التي تؤدي الى النار.
لا ماتت الطبينة خلت عروق استها,لا ماتت الطبينة خلت عروق استها تقوله المرأة لأولاد ضرتها نكاية فيهم و بغضا في أمهم المتوفاة.
جوهرة في يد فحام,يضرب هذا المثل في الشخص الذي يملك شيء غالي و نفيس لكن لا يعرف و لا يقدر قيمته.
لحس الكرسوح.,كناية عن فشل المخاطب في أمر ما.
